DELETE FROM user_role;
DELETE FROM role_permission;
DELETE FROM tenant_service;
DELETE FROM user;
DELETE FROM tenant;
DELETE FROM service;
DELETE FROM permission;
DELETE FROM role;
INSERT INTO user (id, email, first_name, last_name, password, status) VALUES(1, 'person1@test.io', 'Person', 'One', '$2a$10$YJetsyoS.EzlVlb249w07uBR8uSqgtlqVH9Hl7bsHtvvwdKAhJp82', 'ENABLED');
INSERT INTO user (id, email, first_name, last_name, password, status) VALUES(2, 'test@test.io', 'Test', 'Test', '$2a$10$YJetsyoS.EzlVlb249w07uBR8uSqgtlqVH9Hl7bsHtvvwdKAhJp82', 'ENABLED');
INSERT INTO user (id, email, first_name, last_name, password, status) VALUES(3, 'disabled@test.io', 'Disabled', 'User', '$2a$10$YJetsyoS.EzlVlb249w07uBR8uSqgtlqVH9Hl7bsHtvvwdKAhJp82', 'DISABLED');
INSERT INTO user (id, email, first_name, last_name, password, status) VALUES(4, 'acme-tenant-admin@test.io', 'Acme Tenant', 'Admin', '$2a$10$YJetsyoS.EzlVlb249w07uBR8uSqgtlqVH9Hl7bsHtvvwdKAhJp82', 'ENABLED');
INSERT INTO tenant (id, name, description, status) VALUES(1, 'SYSTEM', 'SYSTEM', 'ENABLED');
INSERT INTO tenant (id, name, description, status) VALUES(2, 'acme', 'Acme Corporation', 'ENABLED');
INSERT INTO service (id, name, description, status) VALUES(1, 'Libre311', 'Libre311', 'ENABLED');
INSERT INTO service (id, name, description, status) VALUES(2, 'Application2', 'Application2', 'ENABLED');
INSERT INTO tenant_service (tenant_id, service_id, status) VALUES(2, 1, 'ENABLED');
INSERT INTO permission (id, name, description, scope) VALUES(1, 'AUTH_SERVICE_EDIT-SYSTEM', 'Description', 'SYSTEM');
INSERT INTO permission (id, name, description, scope) VALUES(2, 'LIBRE311_REQUEST_EDIT-TENANT', 'Description', 'TENANT');
INSERT INTO permission (id, name, description, scope) VALUES(3, 'LIBRE311_REQUEST_EDIT-SUBTENANT', 'Description', 'SUBTENANT');
INSERT INTO permission (id, name, description, scope) VALUES(4, 'AUTH_SERVICE_VIEW-SYSTEM', 'Description', 'SYSTEM');
INSERT INTO role (id, name, description) VALUES(1, 'Unity Administrator', 'System role');
INSERT INTO role (id, name, description) VALUES(2, 'Tenant role', 'Tenant role');
INSERT INTO role (id, name, description) VALUES(3, 'Subtenant role', 'Subtenant role');
INSERT INTO role_permission (role_id, permission_id) VALUES(1, 1);
INSERT INTO role_permission (role_id, permission_id) VALUES(2, 2);
INSERT INTO role_permission (role_id, permission_id) VALUES(3, 3);
INSERT INTO role_permission (role_id, permission_id) VALUES(1, 4);
INSERT INTO user_role (tenant_id, user_id, role_id) VALUES(1, 1, 1);
INSERT INTO user_role (tenant_id, user_id, role_id) VALUES(2, 1, 2);
INSERT INTO user_role (tenant_id, user_id, role_id) VALUES(2, 1, 3);
INSERT INTO user_role (tenant_id, user_id, role_id) VALUES(2, 4, 2);
